RegNo,Name,FullAddress,Gender,PhoneNo,First Name,Last Name,Address,City,State
MCLRNF1,James Butt,"6649 N Blue Gum St, New Orleans, LA",Male,504-621-8927,James,Butt,6649 N Blue Gum St,New Orleans,LA
LOLWATT,Josephine Darakjy,"4 B Blue Ridge Blvd, Brighton, MI",Female,810-292-9388,Josephine,Darakjy,4 B Blue Ridge Blvd,Brighton,MI
RIPLS1,Art Venere,"8 W Cerritos Ave , Bridgeport, NJ",Female,856-636-8749,Art,Venere,8 W Cerritos Ave ,Bridgeport,NJ
NICESKY,Lenna Paprocki,"639 Main St, Anchorage, AK",Female,907-385-4412,Lenna,Paprocki,639 Main St,Anchorage,AK
NVSBLE,Donette Foller,"34 Center St, Hamilton, OH",Male,513-570-1893,Donette,Foller,34 Center St,Hamilton,OH
NYSJ,Simona Morasca,"3 Mcauley Dr, Ashland, OH",Female,419-503-2484,Simona,Morasca,3 Mcauley Dr,Ashland,OH
ANBY0ND,Mitsue Tollner,"7 Eads St, Chicago, IL",Male,773-573-6914,Mitsue,Tollner,7 Eads St,Chicago,IL
1ZM961,Leota Dilliard,"7 W Jackson Blvd, San Jose, CA",Male,408-752-3500,Leota,Dilliard,7 W Jackson Blvd,San Jose,CA
PNYEXPS,Sage Wieser,"5 Boston Ave , Sioux Falls, SD",Male,605-414-2147,Sage,Wieser,5 Boston Ave ,Sioux Falls,SD
ZOOMN65,Kris Marrier,"228 Runamuck Pl , Baltimore, MD",Male,410-655-8723,Kris,Marrier,228 Runamuck Pl ,Baltimore,MD
HOR5SH1T,Minna Amigon,"2371 Jerrold Ave, Kulpsville, PA",Female,215-874-1229,Minna,Amigon,2371 Jerrold Ave,Kulpsville,PA
FALLYOU,Abel Maclead,"37275 St  Rt 17m M, Middle Island, NY",Male,631-335-3414,Abel,Maclead,37275 St  Rt 17m M,Middle Island,NY
EZEY,Kiley Caldarera,"25 E 75th St , Los Angeles, CA",Male,310-498-5651,Kiley,Caldarera,25 E 75th St ,Los Angeles,CA
NITESKY,Graciela Ruta,"98 Connecticut Ave Nw, Chagrin Falls, OH",Female,440-780-8425,Graciela,Ruta,98 Connecticut Ave Nw,Chagrin Falls,OH
U8NTBAD,Cammy Albares,"56 E Morehead St, Laredo, TX",Female ,956-537-6195,Cammy,Albares,56 E Morehead St,Laredo,TX
GAY247,Mattie Poquette,"73 State Road 434 E, Phoenix, AZ",Female ,602-277-4385,Mattie,Poquette,73 State Road 434 E,Phoenix,AZ
